{"cameraMode":{"drawMode":0,"name":"Shaded","section":"Shading Mode"},"sceneLighting":false,"audioPlay":false,"sceneViewState":{"showFog":true,"showMaterialUpdate":false,"showSkybox":false,"showFlares":true,"showImageEffects":true,"showParticleSystems":true},"in2DMode":false,"pivot":{"x":-25.038578033447267,"y":6.682133674621582,"z":-17.003341674804689},"rotation":{"x":0.06899521499872208,"y":0.9309872388839722,"z":-0.2504657208919525,"w":0.2564569413661957},"size":3.8739662170410158,"orthographic":false}