{"cameraMode":{"drawMode":0,"name":"Shaded","section":"Shading Mode"},"sceneLighting":false,"audioPlay":false,"sceneViewState":{"showFog":true,"showMaterialUpdate":false,"showSkybox":false,"showFlares":true,"showImageEffects":true,"showParticleSystems":true},"in2DMode":false,"pivot":{"x":-5.596372604370117,"y":2.1175436973571779,"z":-12.130000114440918},"rotation":{"x":0.06899521499872208,"y":0.9309872388839722,"z":-0.2504657208919525,"w":0.2564569413661957},"size":1.297529935836792,"orthographic":false}