{"cameraMode":{"drawMode":0,"name":"Shaded","section":"Shading Mode"},"sceneLighting":true,"audioPlay":false,"sceneViewState":{"showFog":true,"showMaterialUpdate":false,"showSkybox":true,"showFlares":true,"showImageEffects":true,"showParticleSystems":true},"in2DMode":false,"pivot":{"x":-11.321595191955567,"y":8.793115615844727,"z":-13.802190780639649},"rotation":{"x":0.06699623167514801,"y":0.7984926700592041,"z":-0.09046433120965958,"w":0.5913993716239929},"size":5.180195331573486,"orthographic":false}